ID Type,Insertion Time (s),Table Size (KB)
UUIDv4,92.6623146533966,81680.00
UUIDv7,83.62110376358032,57024.00
Tenant-Request V4,105.32947993278503,148464.00
Request-Tenant V4,105.29437041282654,150528.00
Tenant-Request Mixed,103.5401725769043,152560.00
Request-Tenant Mixed,91.24520707130432,88032.00
